,Title,Purpose
0,Odom and Sons - A Flask Website,Polarized optimal encoding for mesh global relationships
1,"Martinez, Wolf and Macdonald - A Flask Website",Triple-buffered foreground analyzer for innovate cutting-edge communities
2,"Johnson, Raymond and Lane - A Flask Website",Open-source zero administration intranet for repurpose real-time interfaces
3,Montgomery PLC - A Flask Website,Reactive web-enabled time-frame for expedite out-of-the-box bandwidth
4,Miller LLC - A Flask Website,Streamlined holistic hierarchy for scale clicks-and-mortar mindshare
5,"Garner, Johnson and Taylor - A Flask Website",Re-contextualized 24/7 productivity for synergize distributed web services
6,Luna-Patton - A Flask Website,Cloned mission-critical implementation for monetize user-centric systems
7,"Collins, Duran and Watkins - A Flask Website",Organic grid-enabled attitude for reinvent dynamic networks
8,Rios-Ruiz - A Flask Website,Centralized even-keeled focus group for e-enable end-to-end functionalities
9,Thornton-Lee - A Flask Website,Inverse explicit Graphical User Interface for deliver turn-key users
10,Heath and Sons - A Flask Website,Upgradable zero tolerance open system for strategize back-end info-mediaries
11,Thompson-Torres - A Flask Website,Decentralized multimedia approach for extend 24/365 users
12,Williams-Hawkins - A Flask Website,Extended exuding productivity for incubate integrated web-readiness
13,Logan and Sons - A Flask Website,Adaptive heuristic productivity for revolutionize 24/365 relationships
14,"Hart, Jackson and Reeves - A Flask Website",Pre-emptive solution-oriented challenge for orchestrate back-end web-readiness
15,Bates LLC - A Flask Website,Customer-focused cohesive focus group for exploit dynamic web services
16,Graham Group - A Flask Website,Implemented modular algorithm for target granular solutions
17,Rivas-Olson - A Flask Website,Right-sized dynamic database for integrate sticky e-tailers
18,Hart Inc - A Flask Website,Multi-layered didactic collaboration for optimize revolutionary networks
19,Hays Group - A Flask Website,Inverse cohesive groupware for embrace one-to-one technologies
20,"Padilla, Martin and Alvarez - A Flask Website",Triple-buffered background function for matrix synergistic systems
21,"Newman, Horton and Mora - A Flask Website",Fundamental exuding knowledge user for benchmark leading-edge relationships
22,"Smith, Green and Davidson - A Flask Website",Open-architected zero-defect alliance for disintermediate leading-edge web services
23,Robinson-Scott - A Flask Website,Distributed explicit knowledge user for monetize robust synergies
24,"Perkins, Hernandez and Evans - A Flask Website",Horizontal attitude-oriented product for facilitate interactive channels
25,Hardy Inc - A Flask Website,Profit-focused zero-defect customer loyalty for seize B2C methodologies
26,Kim-Potts - A Flask Website,Decentralized global monitoring for brand extensible bandwidth
27,Smith-Knight - A Flask Website,Assimilated intangible archive for harness compelling platforms
28,"Perry, Flowers and Fisher - A Flask Website",Multi-lateral asymmetric hierarchy for optimize dynamic action-items
29,Jacobson-Wilson - A Flask Website,Assimilated encompassing encryption for embrace transparent e-commerce
30,Baldwin LLC - A Flask Website,Ameliorated regional database for aggregate integrated networks
31,Rangel-Spencer - A Flask Website,Devolved full-range customer loyalty for cultivate clicks-and-mortar paradigms
32,Sanders Inc - A Flask Website,Horizontal zero-defect system engine for innovate revolutionary e-services
33,Thompson Ltd - A Flask Website,Robust tangible array for embrace scalable deliverables
34,"Anthony, Newman and Richardson - A Flask Website",Synergized 24hour infrastructure for transition distributed networks
35,Turner-Harper - A Flask Website,Switchable 24/7 Graphical User Interface for matrix granular applications
36,Wilson-Watkins - A Flask Website,Implemented asynchronous standardization for brand ubiquitous methodologies
37,Carr-Callahan - A Flask Website,Customer-focused fresh-thinking portal for embrace value-added infrastructures
38,Phillips-Nelson - A Flask Website,Versatile grid-enabled collaboration for engineer next-generation e-business
39,"Palmer, Brandt and Dixon - A Flask Website",Switchable fault-tolerant project for expedite intuitive experiences
40,Lindsey PLC - A Flask Website,Cross-group heuristic policy for utilize synergistic synergies
41,"Potts, Hunter and Miller - A Flask Website",Open-source impactful knowledgebase for engage wireless experiences
42,"Browning, Hanson and Rogers - A Flask Website",Optimized multi-tasking synergy for repurpose visionary architectures
43,"Weaver, Williamson and Galloway - A Flask Website",Phased 6thgeneration approach for reinvent bleeding-edge systems
44,Ward-James - A Flask Website,Digitized directional groupware for evolve scalable users
45,Aguilar-Cook - A Flask Website,Automated coherent structure for harness robust relationships
46,"Grimes, Patel and Jackson - A Flask Website",Customizable intangible neural-net for monetize intuitive eyeballs
47,"Huang, Dunn and Solis - A Flask Website",Inverse empowering benchmark for brand cross-platform bandwidth
48,Washington LLC - A Flask Website,Centralized bottom-line challenge for brand one-to-one e-commerce
49,"Wilson, Goodman and Lewis - A Flask Website",Public-key 3rdgeneration Local Area Network for incubate cross-platform schemas
