Title,Purpose
"Becker, Johnson and West - A Flask Website",Purpose: Customizable cohesive protocol for visualize front-end e-business
Jones LLC - A Flask Website,Purpose: Adaptive zero tolerance paradigm for morph distributed initiatives
"Quinn, Salas and Stanton - A Flask Website",Purpose: Multi-tiered dynamic installation for optimize turn-key e-markets
"Ward, Nichols and Davis - A Flask Website",Purpose: Down-sized holistic forecast for enable transparent systems
"Cox, Jones and Higgins - A Flask Website",Purpose: Organized homogeneous methodology for transition cross-media applications
Campbell-Howard - A Flask Website,Purpose: Synchronized background Graphical User Interface for redefine turn-key metrics
Herrera-Hahn - A Flask Website,Purpose: Front-line radical monitoring for mesh leading-edge paradigms
Rogers-Rollins - A Flask Website,Purpose: Public-key empowering website for revolutionize mission-critical applications
Barton Ltd - A Flask Website,Purpose: Open-source executive model for morph seamless ROI
Brown Group - A Flask Website,Purpose: Decentralized leadingedge help-desk for deploy open-source web services
"Clark, Serrano and Neal - A Flask Website",Purpose: Realigned content-based info-mediaries for facilitate frictionless channels
"Sandoval, Turner and Andrews - A Flask Website",Purpose: Enhanced bottom-line ability for architect world-class vortals
"Martinez, Adams and Donovan - A Flask Website",Purpose: Multi-lateral impactful strategy for enable magnetic applications
"Evans, Stokes and Mcgrath - A Flask Website",Purpose: Vision-oriented context-sensitive groupware for envisioneer distributed e-services
Eaton LLC - A Flask Website,Purpose: Reduced asynchronous service-desk for productize frictionless portals
"Cox, Wang and Aguilar - A Flask Website",Purpose: Cross-group bifurcated initiative for benchmark interactive e-markets
Rowland-Skinner - A Flask Website,Purpose: Cross-platform analyzing help-desk for facilitate cutting-edge e-services
"Moore, Smith and Smith - A Flask Website",Purpose: Right-sized human-resource structure for expedite killer content
"Ford, Parker and Brooks - A Flask Website",Purpose: Mandatory solution-oriented neural-net for re-contextualize enterprise methodologies
Martin-Estrada - A Flask Website,Purpose: Sharable exuding Local Area Network for mesh open-source niches
Chapman LLC - A Flask Website,Purpose: Diverse tangible leverage for visualize extensible experiences
Brown-Tapia - A Flask Website,Purpose: Future-proofed multi-state throughput for empower dot-com e-services
Lewis-Wilson - A Flask Website,Purpose: Re-engineered impactful open system for revolutionize customized ROI
"Trujillo, Lee and Richardson - A Flask Website",Purpose: Mandatory value-added protocol for utilize compelling convergence
Nguyen Ltd - A Flask Website,Purpose: Persistent impactful benchmark for harness magnetic interfaces
Saunders-Morgan - A Flask Website,Purpose: Intuitive client-driven software for empower bleeding-edge technologies
White-Chavez - A Flask Website,Purpose: Up-sized context-sensitive open system for optimize clicks-and-mortar initiatives
"Ramos, Hall and Mclaughlin - A Flask Website",Purpose: Pre-emptive methodical Graphic Interface for synthesize cutting-edge users
"Brady, Young and Meadows - A Flask Website",Purpose: Business-focused client-driven methodology for incubate dot-com e-business
"Johnson, Brady and Brown - A Flask Website",Purpose: Reverse-engineered optimizing website for enable out-of-the-box web-readiness
Robertson LLC - A Flask Website,Purpose: Multi-tiered content-based implementation for utilize rich methodologies
Young-Howard - A Flask Website,Purpose: Reactive holistic complexity for integrate web-enabled e-markets
Thompson Inc - A Flask Website,Purpose: Organized dedicated interface for transform out-of-the-box solutions
"Chapman, Price and Jordan - A Flask Website",Purpose: Cross-platform modular info-mediaries for whiteboard end-to-end supply-chains
Moore-Myers - A Flask Website,Purpose: Face-to-face bottom-line standardization for transition transparent portals
Turner PLC - A Flask Website,Purpose: User-centric asynchronous implementation for unleash dot-com web services
Brown Ltd - A Flask Website,Purpose: Face-to-face methodical analyzer for unleash cross-media channels
Cole-Kennedy - A Flask Website,Purpose: Re-engineered discrete process improvement for visualize user-centric e-tailers
Levine Ltd - A Flask Website,Purpose: Distributed transitional workforce for target user-centric portals
"Weber, Austin and Velazquez - A Flask Website",Purpose: Cross-platform content-based service-desk for utilize strategic e-commerce
Rice Inc - A Flask Website,Purpose: Persistent fresh-thinking instruction set for drive seamless content
Smith PLC - A Flask Website,Purpose: Phased even-keeled support for revolutionize revolutionary models
"Wall, Hernandez and Mccormick - A Flask Website",Purpose: Inverse global encoding for maximize proactive ROI
Black-Cook - A Flask Website,Purpose: Focused needs-based capability for drive B2C content
"Nolan, Austin and Brown - A Flask Website",Purpose: Phased encompassing installation for monetize end-to-end content
Mays-Keith - A Flask Website,Purpose: Polarized regional hierarchy for reinvent interactive synergies
Ward-Ingram - A Flask Website,Purpose: Business-focused incremental core for leverage impactful action-items
"Burns, Lang and Ferrell - A Flask Website",Purpose: Profound radical core for benchmark intuitive e-commerce
Williams-Russell - A Flask Website,Purpose: Re-engineered solution-oriented benchmark for reinvent best-of-breed info-mediaries
"Trujillo, George and Scott - A Flask Website",Purpose: Business-focused holistic implementation for empower revolutionary e-tailers
